"Sender","Recipient","Subject","Count","recipient_no"
"Ada Campo-Corrente","Ada Campo-Corrente, Ingrid Barranco","Suggest topics for upcoming retreat",2,2
"Ada Campo-Corrente","Ada Campo-Corrente, Orhan Strum, Willem Vasco-Pais, Ingrid Barranco","Impact of local politics on profit margin",1,4
"Ada Campo-Corrente","Ada Campo-Corrente, Orhan Strum, Willem Vasco-Pais, Sten Sanjorge Jr ","Impromptu golf vacation  whos in",1,4
"Ada Campo-Corrente","Felix Resumir","Hey Ix92m going home sick",2,1
"Ada Campo-Corrente","Ingrid Barranco, Ada Campo-Corrente","Reception after the corporate meeting Monday morning",1,2
"Ada Campo-Corrente","Ingrid Barranco, Ada Campo-Corrente, Sten Sanjorge Jr , Willem Vasco-Pais","Managing perceptions about the IPO",2,4
"Ada Campo-Corrente","Ingrid Barranco, Sten Sanjorge Jr ","Recommendations for a good investment advisor",1,2
"Ada Campo-Corrente","Orhan Strum, Sten Sanjorge Jr , Ada Campo-Corrente","Impact of Kronos politics on upcoming rollout",3,3
"Ada Campo-Corrente","Ruscella Mies Haber","Deadline changed",1,1
"Ada Campo-Corrente","Sten Sanjorge Jr , Ada Campo-Corrente","Managing perceptions about the IPO",3,2
"Ada Campo-Corrente","Sten Sanjorge Jr , Ada Campo-Corrente, Ingrid Barranco","Managing perceptions about the IPO",1,3
"Ada Campo-Corrente","Sten Sanjorge Jr , Willem Vasco-Pais, Ada Campo-Corrente, Orhan Strum","Impact of local politics on profit margin",2,4
"Ada Campo-Corrente","Willem Vasco-Pais, Sten Sanjorge Jr , Ada Campo-Corrente","Recommend a good vacation spot",1,3
"Ada Campo-Corrente","Willem Vasco-Pais, Sten Sanjorge Jr , Ada Campo-Corrente, Orhan Strum","Yearly numbers looking good",2,4
"Adan Morlun","Adan Morlun, Henk Mies, Benito Hawelon","Caution downtown",1,3
"Adan Morlun","Adan Morlun, Valeria Morlun, Henk Mies, Albina Hafon, Dylan Scozzese","Traffic advisory for today",3,5
"Adan Morlun","Albina Hafon, Valeria Morlun, Cecilia Morluniau, Henk Mies, Dylan Scozzese, Benito Hawelon","Traffic advisory for today",1,6
"Adan Morlun","Cecilia Morluniau, Benito Hawelon, Albina Hafon, Adan Morlun, Claudio Hawelon, Valeria Morlun, Irene Nant","List of repairs needed",1,7
"Adan Morlun","Claudio Hawelon, Dante Coginian, Varro Awelon, Valeria Morlun, Dylan Scozzese","Caution downtown",1,5
"Adan Morlun","Dante Coginian","Document stuck",2,1
"Adan Morlun","Dylan Scozzese, Adan Morlun","Guys night out  sorry ladies",1,2
"Adan Morlun","Henk Mies, Albina Hafon","List of repairs needed",1,2
"Adan Morlun","Irene Nant, Cecilia Morluniau, Albina Hafon, Adan Morlun, Dylan Scozzese","Union meeting",2,5
"Adan Morlun","Irene Nant, Dante Coginian, Emile Arpa, Varro Awelon, Cecilia Morluniau, Claudio Hawelon, Henk Mies, Dylan Scozzese, Benito Hawelon","Facilities preparations for VIP visit",1,9
"Adan Morlun","Irene Nant, Dylan Scozzese, Adan Morlun, Dante Coginian, Emile Arpa","Guys night out  sorry ladies",1,5
"Adan Morlun","Valeria Morlun, Adan Morlun, Emile Arpa, Claudio Hawelon","Guys night out  sorry ladies",1,4
"Adra Nubarron","Adra Nubarron, Lars Azada, Axel Calzas, Lidelse Dedos","Field work rotation schedule",1,4
"Adra Nubarron","Cecilia Morluniau","Plants",1,1
"Adra Nubarron","Isande Borrasca, Brand Tempestad, Adra Nubarron, Marin Onda, Kare Orilla, Elsa Orilla","251600 openhole logging results",1,6
"Adra Nubarron","Isande Borrasca, Elsa Orilla, Felix Balas, Brand Tempestad, Kare Orilla, Adra Nubarron, Lars Azada, Marin Onda, Gustav Cazar","Wellhead flow rate data",1,9
"Adra Nubarron","Lars Azada, Adra Nubarron","Downhole prediction 252200  check your parameters",1,2
"Adra Nubarron","Lidelse Dedos, Elsa Orilla, Felix Balas, Birgitta Frente, Brand Tempestad, Adra Nubarron","GIS update",1,6
"Adra Nubarron","Ruscella Mies Haber","Plants",2,1
"Albina Hafon","Adan Morlun, Valeria Morlun, Henk Mies, Albina Hafon, Dylan Scozzese","Traffic advisory for today",1,5
"Albina Hafon","Albina Hafon, Dylan Scozzese, Cecilia Morluniau, Benito Hawelon","Guys night out  sorry ladies",1,4
"Albina Hafon","Albina Hafon, Valeria Morlun, Cecilia Morluniau, Henk Mies, Dylan Scozzese, Benito Hawelon","Traffic advisory for today",2,6
"Albina Hafon","Benito Hawelon, Albina Hafon","Funny",3,2
"Albina Hafon","Bertrand Ovan, Albina Hafon, Henk Mies, Dylan Scozzese, Cecilia Morluniau, Irene Nant, Adan Morlun","Funny",3,7
"Albina Hafon","Cecilia Morluniau, Benito Hawelon, Albina Hafon, Adan Morlun, Claudio Hawelon, Valeria Morlun, Irene Nant","List of repairs needed",1,7
"Albina Hafon","Cecilia Morluniau, Claudio Hawelon, Albina Hafon","Who took the toolbox out of my truck",1,3
"Albina Hafon","Claudio Hawelon, Albina Hafon, Dylan Scozzese, Irene Nant, Varro Awelon, Benito Hawelon, Dante Coginian","Route suggestion for next shift",1,7
"Albina Hafon","Dante Coginian, Albina Hafon, Benito Hawelon, Henk Mies","Route suggestion for next shift",1,4
"Albina Hafon","Dante Coginian, Irene Nant, Dylan Scozzese, Benito Hawelon, Valeria Morlun, Adan Morlun, Emile Arpa","New refueling policies  Effective February 1",1,7
"Albina Hafon","Dylan Scozzese","Tools",3,1
"Albina Hafon","Dylan Scozzese, Claudio Hawelon, Emile Arpa, Irene Nant","Traffic advisory for today",1,4
"Albina Hafon","Henk Mies, Albina Hafon","List of repairs needed",1,2
"Albina Hafon","Rachel Pantanal","Service anniversary",2,1
"Anda Ribera","Cornelia Lais","Late for meeting",3,1
"Anda Ribera","Gustav Cazar","Need a ride to lunch later",2,1
"Anda Ribera","Henk Mies","Tools",2,1
"Anda Ribera","Lars Azada","Whox92s tracking the office pool",2,1
"Anda Ribera","Mat Bramar, Anda Ribera, Rachel Pantanal, Linda Lagos, Ruscella Mies Haber, Carla Forluniau, Cornelia Lais","Anyone have time to help on a project",2,7
"Anda Ribera","Mat Bramar, Anda Ribera, Rachel Pantanal, Linda Lagos, Ruscella Mies Haber, Carla Forluniau, Cornelia Lais","Babysitting recommendations",2,7
"Anda Ribera","Mat Bramar, Anda Ribera, Rachel Pantanal, Linda Lagos, Ruscella Mies Haber, Carla Forluniau, Cornelia Lais","Catering",1,7
"Anda Ribera","Mat Bramar, Anda Ribera, Rachel Pantanal, Linda Lagos, Ruscella Mies Haber, Carla Forluniau, Cornelia Lais","Coupon club",2,7
"Anda Ribera","Mat Bramar, Anda Ribera, Rachel Pantanal, Linda Lagos, Ruscella Mies Haber, Carla Forluniau, Cornelia Lais","Craft night",2,7
"Anda Ribera","Mat Bramar, Anda Ribera, Rachel Pantanal, Linda Lagos, Ruscella Mies Haber, Carla Forluniau, Cornelia Lais","Dress for success  Dress to impress",1,7
"Anda Ribera","Mat Bramar, Anda Ribera, Rachel Pantanal, Linda Lagos, Ruscella Mies Haber, Carla Forluniau, Cornelia Lais","Joke  funny",1,7
"Anda Ribera","Mat Bramar, Anda Ribera, Rachel Pantanal, Linda Lagos, Ruscella Mies Haber, Carla Forluniau, Cornelia Lais","Too funy  you have to see this",1,7
"Anda Ribera","Mat Bramar, Anda Ribera, Rachel Pantanal, Linda Lagos, Ruscella Mies Haber, Carla Forluniau, Cornelia Lais","Training opportunity",1,7
"Anda Ribera","Valeria Morlun","Favor  borrow hedge trimmer",2,1
"Axel Calzas","Axel Calzas, Elsa Orilla, Lars Azada","Field work rotation schedule",3,3
"Axel Calzas","Axel Calzas, Kare Orilla, Elsa Orilla","GIS update",1,3
"Axel Calzas","Axel Calzas, Lidelse Dedos","Wellhead flow rate data",1,2
"Axel Calzas","Felix Balas, Lars Azada, Elsa Orilla, Birgitta Frente, Kare Orilla, Isande Borrasca, Gustav Cazar, Axel Calzas, Vira Frente","Wellhead flow rate data",2,9
"Axel Calzas","Lars Azada","Meeting",2,1
"Axel Calzas","Nils Calixto","Going home sick",3,1
"Axel Calzas","Varja Lagos","Out of staples",2,1
"Axel Calzas","Vira Frente, Axel Calzas","249700 Initial flow rates",1,2
"Axel Calzas","Vira Frente, Felix Balas, Axel Calzas","Wellhead flow rate data",2,3
"Benito Hawelon","Adan Morlun, Claudio Hawelon, Valeria Morlun, Varro Awelon, Albina Hafon, Emile Arpa, Irene Nant, Benito Hawelon, Dante Coginian","New refueling policies  Effective February 1",1,9
"Benito Hawelon","Albina Hafon, Emile Arpa, Dylan Scozzese, Claudio Hawelon, Dante Coginian, Bertrand Ovan, Henk Mies, Valeria Morlun","Who took the toolbox out of my truck",1,8
"Benito Hawelon","Albina Hafon, Valeria Morlun, Cecilia Morluniau, Henk Mies, Dylan Scozzese, Benito Hawelon","Traffic advisory for today",1,6
"Benito Hawelon","Benito Hawelon, Albina Hafon","Funny",2,2
"Benito Hawelon","Benito Hawelon, Henk Mies, Cecilia Morluniau, Irene Nant, Adan Morlun, Claudio Hawelon","Who took the toolbox out of my truck",1,6
"Benito Hawelon","Benito Hawelon, Henk Mies, Varro Awelon, Cecilia Morluniau, Albina Hafon, Emile Arpa, Claudio Hawelon","New refueling policies  Effective February 1",1,7
"Benito Hawelon","Claudio Hawelon, Dante Coginian, Valeria Morlun, Albina Hafon, Emile Arpa, Cecilia Morluniau, Adan Morlun, Benito Hawelon, Varro Awelon","New refueling policies  Effective February 1",1,9
"Benito Hawelon","Dante Coginian, Albina Hafon, Benito Hawelon, Henk Mies","Route suggestion for next shift",1,4
"Benito Hawelon","Dante Coginian, Dylan Scozzese, Irene Nant, Cecilia Morluniau, Emile Arpa, Adan Morlun, Henk Mies, Valeria Morlun","Safety First",1,8
"Benito Hawelon","Dante Coginian, Varro Awelon, Albina Hafon, Claudio Hawelon","Be Careful",1,4
"Benito Hawelon","Elsa Orilla","Whox92s tracking the office pool",3,1
"Benito Hawelon","Emile Arpa, Valeria Morlun, Varro Awelon, Cecilia Morluniau, Albina Hafon, Henk Mies, Dante Coginian, Claudio Hawelon","New refueling policies  Effective February 1",1,8
"Benito Hawelon","Felix Resumir","Are you buying coffee",3,1
"Benito Hawelon","Henk Mies, Benito Hawelon, Adan Morlun, Dylan Scozzese","List of repairs needed",1,4
"Benito Hawelon","Henk Mies, Benito Hawelon, Cecilia Morluniau, Claudio Hawelon, Valeria Morlun, Albina Hafon, Irene Nant","Funny",1,7
"Bertrand Ovan","Albina Hafon, Emile Arpa, Dylan Scozzese, Claudio Hawelon, Dante Coginian, Bertrand Ovan, Henk Mies, Valeria Morlun","Who took the toolbox out of my truck",1,8
"Bertrand Ovan","Irene Nant, Adan Morlun, Valeria Morlun, Emile Arpa, Varro Awelon, Benito Hawelon, Henk Mies, Bertrand Ovan, Claudio Hawelon","List of repairs needed",1,9
"Birgitta Frente","Birgitta Frente, Lars Azada, Felix Balas","Wellhead flow rate data",1,3
"Birgitta Frente","Elsa Orilla, Lars Azada, Gustav Cazar","Downhole prediction 252200",1,3
"Birgitta Frente","Isak Baza","Are you buying coffee",3,1
"Birgitta Frente","Lars Azada, Adra Nubarron","Downhole prediction 252200  check your parameters",1,2
"Birgitta Frente","Lidelse Dedos, Elsa Orilla, Felix Balas, Birgitta Frente, Brand Tempestad, Adra Nubarron","GIS update",1,6
"Birgitta Frente","Marin Onda, Brand Tempestad, Elsa Orilla, Axel Calzas, Isande Borrasca, Birgitta Frente, Kare Orilla","Wellhead flow rate data  overpressure at well 178303",1,7
"Brand Tempestad","Birgitta Frente, Lars Azada, Felix Balas","Wellhead flow rate data",1,3
"Brand Tempestad","Brand Tempestad, Lidelse Dedos, Lars Azada","HASR Injection Progress",2,3
"Brand Tempestad","Isande Borrasca, Brand Tempestad, Adra Nubarron, Marin Onda, Kare Orilla, Elsa Orilla","251600 openhole logging results",2,6
"Brand Tempestad","Isande Borrasca, Lars Azada, Kare Orilla, Marin Onda, Elsa Orilla, Axel Calzas, Brand Tempestad, Vira Frente","Wellhead flow rate data  overpressure at well 178303",1,8
"Brand Tempestad","Lidelse Dedos, Elsa Orilla, Felix Balas, Birgitta Frente, Brand Tempestad, Adra Nubarron","GIS update",1,6
"Brand Tempestad","Lidelse Dedos, Lars Azada, Vira Frente, Kare Orilla","Downhole logging scheduled for 251600",1,4
"Brand Tempestad","Vira Frente, Axel Calzas, Lidelse Dedos, Adra Nubarron, Brand Tempestad, Isande Borrasca","Well 103301 stabilization progress report",2,6
"Carla Forluniau","Felix Balas","Ix92m in   post a list",2,1
"Carla Forluniau","Irene Nant","Works for me thanks",1,1
"Carla Forluniau","Mat Bramar, Anda Ribera, Rachel Pantanal, Linda Lagos, Ruscella Mies Haber, Carla Forluniau, Cornelia Lais","Anyone have time to help on a project",1,7
"Carla Forluniau","Mat Bramar, Anda Ribera, Rachel Pantanal, Linda Lagos, Ruscella Mies Haber, Carla Forluniau, Cornelia Lais","Babysitting recommendations",2,7
"Carla Forluniau","Mat Bramar, Anda Ribera, Rachel Pantanal, Linda Lagos, Ruscella Mies Haber, Carla Forluniau, Cornelia Lais","Catering",2,7
"Carla Forluniau","Mat Bramar, Anda Ribera, Rachel Pantanal, Linda Lagos, Ruscella Mies Haber, Carla Forluniau, Cornelia Lais","Coupon club",1,7
"Carla Forluniau","Mat Bramar, Anda Ribera, Rachel Pantanal, Linda Lagos, Ruscella Mies Haber, Carla Forluniau, Cornelia Lais","Does anyone have",1,7
"Carla Forluniau","Mat Bramar, Anda Ribera, Rachel Pantanal, Linda Lagos, Ruscella Mies Haber, Carla Forluniau, Cornelia Lais","Dress for success  Dress to impress",1,7
"Carla Forluniau","Mat Bramar, Anda Ribera, Rachel Pantanal, Linda Lagos, Ruscella Mies Haber, Carla Forluniau, Cornelia Lais","Need volunteers  charity bake sale",2,7
"Carla Forluniau","Mat Bramar, Anda Ribera, Rachel Pantanal, Linda Lagos, Ruscella Mies Haber, Carla Forluniau, Cornelia Lais","Question  new travel forms",1,7
"Carla Forluniau","Mat Bramar, Anda Ribera, Rachel Pantanal, Linda Lagos, Ruscella Mies Haber, Carla Forluniau, Cornelia Lais","Question  Protocol for VIP visit",1,7
"Carla Forluniau","Mat Bramar, Anda Ribera, Rachel Pantanal, Linda Lagos, Ruscella Mies Haber, Carla Forluniau, Cornelia Lais","Too funy  you have to see this",2,7
"Carla Forluniau","Mat Bramar, Anda Ribera, Rachel Pantanal, Linda Lagos, Ruscella Mies Haber, Carla Forluniau, Cornelia Lais","Training opportunity",2,7
"Carla Forluniau","Mat Bramar, Anda Ribera, Rachel Pantanal, Linda Lagos, Ruscella Mies Haber, Carla Forluniau, Cornelia Lais","When you have a minute",2,7
"Carla Forluniau","Mat Bramar, Anda Ribera, Rachel Pantanal, Linda Lagos, Ruscella Mies Haber, Carla Forluniau, Cornelia Lais","You never get a second chance to make a first impression",1,7
"Carla Forluniau","Varro Awelon","Favor  borrow hedge trimmer",3,1
"Cecilia Morluniau","Adan Morlun, Claudio Hawelon, Albina Hafon, Henk Mies","Dont text and drive",1,4
"Cecilia Morluniau","Adan Morlun, Henk Mies, Benito Hawelon","Caution downtown",1,3
"Cecilia Morluniau","Albina Hafon, Dylan Scozzese, Cecilia Morluniau, Benito Hawelon","Guys night out  sorry ladies",1,4
"Cecilia Morluniau","Albina Hafon, Dylan Scozzese, Henk Mies, Claudio Hawelon, Cecilia Morluniau, Valeria Morlun, Irene Nant","Guys night out  sorry ladies",1,7
"Cecilia Morluniau","Benito Hawelon, Dante Coginian, Claudio Hawelon, Irene Nant, Emile Arpa, Cecilia Morluniau, Dylan Scozzese, Albina Hafon, Valeria Morlun","Safety First",1,9
"Cecilia Morluniau","Bertrand Ovan","No hurry",1,1
"Cecilia Morluniau","Bertrand Ovan, Albina Hafon, Henk Mies, Dylan Scozzese, Cecilia Morluniau, Irene Nant, Adan Morlun","Funny",1,7
"Cecilia Morluniau","Bertrand Ovan, Varro Awelon, Dante Coginian, Adan Morlun, Albina Hafon, Claudio Hawelon, Cecilia Morluniau, Irene Nant, Henk Mies","Traffic advisory for today",3,9
"Cecilia Morluniau","Dante Coginian, Valeria Morlun, Dylan Scozzese, Cecilia Morluniau","Route suggestion for next shift",1,4
"Cecilia Morluniau","Dylan Scozzese, Cecilia Morluniau, Valeria Morlun, Henk Mies, Claudio Hawelon, Irene Nant, Adan Morlun","Route suggestion for next shift",1,7
"Cecilia Morluniau","Dylan Scozzese, Emile Arpa, Henk Mies, Adan Morlun, Valeria Morlun, Benito Hawelon, Albina Hafon, Claudio Hawelon","Facilities preparations for VIP visit",1,8
"Cecilia Morluniau","Ingrid Barranco","Supplies",2,1
"Cecilia Morluniau","Irene Nant, Albina Hafon","Be Careful",1,2
"Claudio Hawelon","Adan Morlun, Claudio Hawelon, Dylan Scozzese, Albina Hafon, Irene Nant, Henk Mies, Benito Hawelon","Funny",1,7
"Claudio Hawelon","Adan Morlun, Dante Coginian, Henk Mies, Dylan Scozzese, Claudio Hawelon, Irene Nant, Cecilia Morluniau, Varro Awelon, Albina Hafon","Facilities preparations for VIP visit",1,9
"Claudio Hawelon","Albina Hafon, Dylan Scozzese, Henk Mies, Claudio Hawelon, Cecilia Morluniau, Valeria Morlun, Irene Nant","Guys night out  sorry ladies",2,7
"Claudio Hawelon","Albina Hafon, Emile Arpa, Varro Awelon","Facilities preparations for VIP visit",1,3
"Claudio Hawelon","Benito Hawelon, Henk Mies, Cecilia Morluniau, Irene Nant, Adan Morlun, Claudio Hawelon","Who took the toolbox out of my truck",1,6
"Claudio Hawelon","Bertrand Ovan, Albina Hafon, Henk Mies, Dylan Scozzese, Cecilia Morluniau, Irene Nant, Adan Morlun","Funny",1,7
"Claudio Hawelon","Cecilia Morluniau, Benito Hawelon, Albina Hafon, Adan Morlun, Claudio Hawelon, Valeria Morlun, Irene Nant","List of repairs needed",1,7
"Claudio Hawelon","Cecilia Morluniau, Claudio Hawelon, Albina Hafon","Who took the toolbox out of my truck",2,3
"Claudio Hawelon","Claudio Hawelon","Favor  borrow hedge trimmer",1,1
"Claudio Hawelon","Dante Coginian, Adan Morlun, Irene Nant","Mandatory safety training",1,3
"Claudio Hawelon","Dylan Scozzese, Claudio Hawelon, Emile Arpa, Irene Nant","Traffic advisory for today",1,4
"Claudio Hawelon","Irene Nant, Adan Morlun, Valeria Morlun, Emile Arpa, Varro Awelon, Benito Hawelon, Henk Mies, Bertrand Ovan, Claudio Hawelon","List of repairs needed",1,9
"Claudio Hawelon","Irene Nant, Cecilia Morluniau, Dylan Scozzese","Route suggestion for next shift",1,3
"Claudio Hawelon","Isia Vann","Awwww cute",2,1
"Claudio Hawelon","Linnea Bergen","Favor  borrow hedge trimmer",1,1
"Claudio Hawelon","Rachel Pantanal","Are you buying coffee",1,1
"Claudio Hawelon","Valeria Morlun, Varro Awelon","Who took the toolbox out of my truck",1,2
"Cornelia Lais","Anda Ribera","Late for meeting",3,1
"Cornelia Lais","Hideki Cocinaro","No hurry",2,1
"Cornelia Lais","Mat Bramar, Anda Ribera, Rachel Pantanal, Linda Lagos, Ruscella Mies Haber, Carla Forluniau, Cornelia Lais","Anyone have time to help on a project",1,7
"Cornelia Lais","Mat Bramar, Anda Ribera, Rachel Pantanal, Linda Lagos, Ruscella Mies Haber, Carla Forluniau, Cornelia Lais","Babysitting recommendations",3,7
"Cornelia Lais","Mat Bramar, Anda Ribera, Rachel Pantanal, Linda Lagos, Ruscella Mies Haber, Carla Forluniau, Cornelia Lais","Can someone cover for me next week",1,7
"Cornelia Lais","Mat Bramar, Anda Ribera, Rachel Pantanal, Linda Lagos, Ruscella Mies Haber, Carla Forluniau, Cornelia Lais","Catering",1,7
"Cornelia Lais","Mat Bramar, Anda Ribera, Rachel Pantanal, Linda Lagos, Ruscella Mies Haber, Carla Forluniau, Cornelia Lais","Coupon club",1,7
"Cornelia Lais","Mat Bramar, Anda Ribera, Rachel Pantanal, Linda Lagos, Ruscella Mies Haber, Carla Forluniau, Cornelia Lais","Craft night",1,7
"Cornelia Lais","Mat Bramar, Anda Ribera, Rachel Pantanal, Linda Lagos, Ruscella Mies Haber, Carla Forluniau, Cornelia Lais","Does anyone have",2,7
"Cornelia Lais","Mat Bramar, Anda Ribera, Rachel Pantanal, Linda Lagos, Ruscella Mies Haber, Carla Forluniau, Cornelia Lais","Dress for success  Dress to impress",2,7
"Cornelia Lais","Mat Bramar, Anda Ribera, Rachel Pantanal, Linda Lagos, Ruscella Mies Haber, Carla Forluniau, Cornelia Lais","Joke  funny",1,7
"Cornelia Lais","Mat Bramar, Anda Ribera, Rachel Pantanal, Linda Lagos, Ruscella Mies Haber, Carla Forluniau, Cornelia Lais","Missing sweater",1,7
"Cornelia Lais","Mat Bramar, Anda Ribera, Rachel Pantanal, Linda Lagos, Ruscella Mies Haber, Carla Forluniau, Cornelia Lais","Need volunteers  charity bake sale",1,7
"Cornelia Lais","Mat Bramar, Anda Ribera, Rachel Pantanal, Linda Lagos, Ruscella Mies Haber, Carla Forluniau, Cornelia Lais","Training opportunity",3,7
"Cornelia Lais","Mat Bramar, Anda Ribera, Rachel Pantanal, Linda Lagos, Ruscella Mies Haber, Carla Forluniau, Cornelia Lais","Training question",1,7
"Cornelia Lais","Mat Bramar, Anda Ribera, Rachel Pantanal, Linda Lagos, Ruscella Mies Haber, Carla Forluniau, Cornelia Lais","You never get a second chance to make a first impression",1,7
"Dante Coginian","Adan Morlun","Document stuck",2,1
"Dante Coginian","Albina Hafon, Emile Arpa, Dylan Scozzese, Claudio Hawelon, Dante Coginian, Bertrand Ovan, Henk Mies, Valeria Morlun","Who took the toolbox out of my truck",1,8
"Dante Coginian","Claudio Hawelon, Dylan Scozzese, Cecilia Morluniau","Dont text and drive",1,3
"Dante Coginian","Felix Resumir","They need that report today",1,1
"Dante Coginian","Hideki Cocinaro","Tools",2,1
"Dante Coginian","Irene Nant, Adan Morlun, Emile Arpa, Benito Hawelon, Claudio Hawelon, Henk Mies, Dante Coginian","New refueling policies  Effective February 1",1,7
"Dante Coginian","Irene Nant, Cecilia Morluniau, Claudio Hawelon, Benito Hawelon, Dylan Scozzese, Adan Morlun, Henk Mies, Emile Arpa, Varro Awelon","Be Careful",1,9
"Dante Coginian","Irene Nant, Dylan Scozzese, Adan Morlun, Dante Coginian, Emile Arpa","Guys night out  sorry ladies",1,5
"Dante Coginian","Lucas Alcazar","Congratulations on your service anniversary",2,1
"Dante Coginian","Mat Bramar","Document stuck",1,1
"Dante Coginian","Valeria Morlun, Albina Hafon, Varro Awelon, Benito Hawelon, Dante Coginian","New refueling policies  Effective February 1",1,5
"Dylan Scozzese","Adan Morlun, Claudio Hawelon, Benito Hawelon, Valeria Morlun","Dont text and drive",1,4
"Dylan Scozzese","Albina Hafon","Tools",3,1
"Dylan Scozzese","Albina Hafon, Dylan Scozzese, Henk Mies, Claudio Hawelon, Cecilia Morluniau, Valeria Morlun, Irene Nant","Guys night out  sorry ladies",1,7
"Dylan Scozzese","Albina Hafon, Emile Arpa, Dylan Scozzese, Claudio Hawelon, Dante Coginian, Bertrand Ovan, Henk Mies, Valeria Morlun","Who took the toolbox out of my truck",1,8
"Dylan Scozzese","Albina Hafon, Emile Arpa, Irene Nant, Dylan Scozzese","Facilities preparations for VIP visit",1,4
"Dylan Scozzese","Albina Hafon, Valeria Morlun, Cecilia Morluniau, Henk Mies, Dylan Scozzese, Benito Hawelon","Traffic advisory for today",1,6
"Dylan Scozzese","Benito Hawelon, Albina Hafon","Funny",1,2
"Dylan Scozzese","Cecilia Morluniau, Benito Hawelon, Albina Hafon, Adan Morlun, Claudio Hawelon, Valeria Morlun, Irene Nant","List of repairs needed",1,7
"Dylan Scozzese","Claudio Hawelon, Dante Coginian, Varro Awelon, Valeria Morlun, Dylan Scozzese","Caution downtown",1,5
"Dylan Scozzese","Claudio Hawelon, Dante Coginian, Varro Awelon, Valeria Morlun, Henk Mies, Albina Hafon","Mandatory safety training",1,6
"Dylan Scozzese","Dante Coginian, Valeria Morlun, Dylan Scozzese, Cecilia Morluniau","Route suggestion for next shift",2,4
"Dylan Scozzese","Dylan Scozzese, Adan Morlun","Guys night out  sorry ladies",5,2
"Dylan Scozzese","Dylan Scozzese, Adan Morlun, Henk Mies, Albina Hafon","Union meeting",1,4
"Dylan Scozzese","Dylan Scozzese, Claudio Hawelon, Emile Arpa, Irene Nant","Traffic advisory for today",2,4
"Dylan Scozzese","Irene Nant, Adan Morlun, Valeria Morlun, Emile Arpa, Varro Awelon, Benito Hawelon, Henk Mies, Bertrand Ovan, Claudio Hawelon","List of repairs needed",1,9
"Dylan Scozzese","Irene Nant, Cecilia Morluniau, Albina Hafon, Adan Morlun, Dylan Scozzese","Union meeting",1,5
"Dylan Scozzese","Irene Nant, Cecilia Morluniau, Dylan Scozzese","Route suggestion for next shift",3,3
"Dylan Scozzese","Irene Nant, Dylan Scozzese, Adan Morlun, Dante Coginian, Emile Arpa","Guys night out  sorry ladies",1,5
"Dylan Scozzese","Irene Nant, Emile Arpa, Claudio Hawelon, Dante Coginian, Adan Morlun, Albina Hafon, Henk Mies, Dylan Scozzese","Dont text and drive",1,8
"Dylan Scozzese","Valeria Morlun, Albina Hafon, Cecilia Morluniau, Adan Morlun, Emile Arpa","Dont text and drive",1,5
"Dylan Scozzese","Valeria Morlun, Varro Awelon, Albina Hafon, Henk Mies, Benito Hawelon","Facilities preparations for VIP visit",1,5
"Dylan Scozzese","Varro Awelon, Emile Arpa","Safety First",1,2
"Edvard Vann","Elsa Orilla","Money for coffee fund",3,1
"Edvard Vann","Henk Mies","Out of staples",1,1
"Edvard Vann","Hennie Osvaldo, Isia Vann","Vacation scheduling procedures",1,2
"Edvard Vann","Hideki Cocinaro, Varja Lagos, Loreto Bodrogi, Edvard Vann, Stenig Fusil, Hennie Osvaldo, Felix Resumir, Minke Mies","Inspection request for site",1,8
"Edvard Vann","Kanon Herrero, Minke Mies, Hennie Osvaldo, Inga Ferro, Edvard Vann, Felix Resumir","Security procedures for January 20 VIP visit",2,6
"Edvard Vann","Loreto Bodrogi, Isia Vann, Edvard Vann, Hideki Cocinaro","Security update how to handle reporters on the grounds",1,4
"Elsa Orilla","Axel Calzas, Elsa Orilla, Lars Azada","Field work rotation schedule",1,3
"Elsa Orilla","Benito Hawelon","Whox92s tracking the office pool",2,1
"Elsa Orilla","Edvard Vann","Money for coffee fund",2,1
"Elsa Orilla","Elsa Orilla, Lars Azada, Gustav Cazar","Downhole prediction 252200",2,3
"Elsa Orilla","Isande Borrasca, Brand Tempestad, Adra Nubarron, Marin Onda, Kare Orilla, Elsa Orilla","251600 openhole logging results",1,6
"Elsa Orilla","Lidelse Dedos","Files",1,1
"Elsa Orilla","Marin Onda, Brand Tempestad, Elsa Orilla, Axel Calzas, Isande Borrasca, Birgitta Frente, Kare Orilla","Wellhead flow rate data  overpressure at well 178303",1,7
"Emile Arpa","Albina Hafon, Valeria Morlun, Henk Mies, Adan Morlun, Dylan Scozzese","Dont text and drive",1,5
"Emile Arpa","Cecilia Morluniau, Claudio Hawelon, Adan Morlun, Varro Awelon, Albina Hafon, Valeria Morlun","Facilities preparations for VIP visit",1,6
"Emile Arpa","Dante Coginian, Emile Arpa, Cecilia Morluniau, Benito Hawelon, Adan Morlun, Irene Nant, Varro Awelon, Claudio Hawelon, Dylan Scozzese","Facilities preparations for VIP visit",1,9
"Emile Arpa","Dylan Scozzese, Claudio Hawelon, Emile Arpa, Irene Nant","Traffic advisory for today",1,4
"Emile Arpa","Lucas Alcazar","Copier",2,1
"Emile Arpa","Marin Onda","Files",2,1
"Emile Arpa","Valeria Morlun, Adan Morlun, Emile Arpa, Claudio Hawelon","Guys night out  sorry ladies",1,4
"Felix Balas","Adra Nubarron, Lars Azada, Axel Calzas, Lidelse Dedos","Field work rotation schedule",1,4
"Felix Balas","Birgitta Frente, Lars Azada, Felix Balas","Wellhead flow rate data",3,3
"Felix Balas","Carla Forluniau","Ix92m in   post a list",2,1
"Felix Balas","Gustav Cazar, Felix Balas, Brand Tempestad, Axel Calzas","GIS update",1,4
"Felix Balas","Hennie Osvaldo","Supplies",1,1
"Felix Balas","Isande Borrasca, Brand Tempestad, Adra Nubarron, Marin Onda, Kare Orilla, Elsa Orilla","251600 openhole logging results",1,6
"Felix Balas","Isande Borrasca, Lidelse Dedos","Downhole prediction 252200  updated",1,2
"Felix Balas","Marin Onda, Felix Balas, Brand Tempestad, Lidelse Dedos, Kare Orilla, Adra Nubarron, Isande Borrasca","GIS update",2,7
"Felix Balas","Varja Lagos","Congratulations on your service anniversary",1,1
"Felix Balas","Vira Frente, Felix Balas, Axel Calzas","Wellhead flow rate data",1,3
"Felix Resumir","Ada Campo-Corrente","Hey Ix92m going home sick",2,1
"Felix Resumir","Benito Hawelon","Are you buying coffee",2,1
"Felix Resumir","Dante Coginian","They need that report today",2,1
"Felix Resumir","Hideki Cocinaro, Varja Lagos, Loreto Bodrogi, Edvard Vann, Stenig Fusil, Hennie Osvaldo, Felix Resumir, Minke Mies","Inspection request for site",1,8
"Felix Resumir","Kanon Herrero, Minke Mies, Hennie Osvaldo, Inga Ferro, Edvard Vann, Felix Resumir","Security procedures for January 20 VIP visit",1,6
"Gustav Cazar","Anda Ribera","Need a ride to lunch later",1,1
"Gustav Cazar","Elsa Orilla, Kare Orilla, Isande Borrasca, Birgitta Frente, Gustav Cazar, Lars Azada, Lidelse Dedos","251600 openhole logging results",1,7
"Gustav Cazar","Elsa Orilla, Lars Azada, Gustav Cazar","Downhole prediction 252200",4,3
"Gustav Cazar","Isande Borrasca, Gustav Cazar, Lars Azada, Lidelse Dedos, Axel Calzas, Felix Balas","Field work rotation schedule",2,6
"Gustav Cazar","Marin Onda, Brand Tempestad, Elsa Orilla, Axel Calzas, Isande Borrasca, Birgitta Frente, Kare Orilla","Wellhead flow rate data  overpressure at well 178303",1,7
"Gustav Cazar","Orhan Strum","Plants",3,1
"Gustav Cazar","Vira Frente, Axel Calzas","249700 Initial flow rates",1,2
"Gustav Cazar","Vira Frente, Axel Calzas, Lidelse Dedos, Adra Nubarron, Brand Tempestad, Isande Borrasca","Well 103301 stabilization progress report",1,6
"Henk Mies","Adan Morlun, Claudio Hawelon, Dylan Scozzese, Albina Hafon, Irene Nant, Henk Mies, Benito Hawelon","Funny",1,7
"Henk Mies","Adan Morlun, Henk Mies, Benito Hawelon","Caution downtown",4,3
"Henk Mies","Adan Morlun, Henk Mies, Benito Hawelon","Guys night out  sorry ladies",1,3
"Henk Mies","Adan Morlun, Valeria Morlun, Henk Mies, Albina Hafon, Dylan Scozzese","Traffic advisory for today",2,5
"Henk Mies","Albina Hafon, Dylan Scozzese, Henk Mies, Claudio Hawelon, Cecilia Morluniau, Valeria Morlun, Irene Nant","Guys night out  sorry ladies",1,7
"Henk Mies","Albina Hafon, Valeria Morlun, Adan Morlun, Irene Nant, Dante Coginian, Emile Arpa, Cecilia Morluniau, Benito Hawelon, Henk Mies","Dont text and drive",1,9
"Henk Mies","Albina Hafon, Valeria Morlun, Cecilia Morluniau, Henk Mies, Dylan Scozzese, Benito Hawelon","Traffic advisory for today",1,6
"Henk Mies","Anda Ribera","Tools",2,1
"Henk Mies","Benito Hawelon, Albina Hafon, Dylan Scozzese, Henk Mies, Valeria Morlun","Who took the toolbox out of my truck",1,5
"Henk Mies","Benito Hawelon, Henk Mies, Cecilia Morluniau, Irene Nant, Adan Morlun, Claudio Hawelon","Who took the toolbox out of my truck",1,6
"Henk Mies","Claudio Hawelon, Albina Hafon, Dylan Scozzese, Irene Nant, Varro Awelon, Benito Hawelon, Dante Coginian","Route suggestion for next shift",1,7
"Henk Mies","Claudio Hawelon, Benito Hawelon, Cecilia Morluniau, Emile Arpa, Henk Mies, Varro Awelon","Safety First",1,6
"Henk Mies","Dante Coginian, Emile Arpa, Varro Awelon, Cecilia Morluniau, Dylan Scozzese, Henk Mies, Claudio Hawelon, Irene Nant","Safety First",1,8
"Henk Mies","Dylan Scozzese, Varro Awelon, Emile Arpa","Be Careful",1,3
"Henk Mies","Edvard Vann","Out of staples",1,1
"Henk Mies","Henk Mies, Albina Hafon","List of repairs needed",1,2
"Henk Mies","Henk Mies, Benito Hawelon, Cecilia Morluniau, Claudio Hawelon, Valeria Morlun, Albina Hafon, Irene Nant","Funny",1,7
"Henk Mies","Henk Mies, Dante Coginian","Dont text and drive",1,2
"Henk Mies","Henk Mies, Valeria Morlun, Dante Coginian, Claudio Hawelon, Albina Hafon, Dylan Scozzese, Adan Morlun","Dont text and drive",1,7
"Henk Mies","Inga Ferro","Late for meeting",3,1
"Henk Mies","Irene Nant, Adan Morlun, Valeria Morlun, Emile Arpa, Varro Awelon, Benito Hawelon, Henk Mies, Bertrand Ovan, Claudio Hawelon","List of repairs needed",1,9
"Henk Mies","Sten Sanjorge Jr ","Files",2,1
"Henk Mies","Valeria Morlun, Benito Hawelon, Albina Hafon, Adan Morlun, Dante Coginian, Emile Arpa, Varro Awelon, Claudio Hawelon, Cecilia Morluniau","Dont text and drive",1,9
"Hennie Osvaldo","Felix Balas","Supplies",1,1
"Hennie Osvaldo","Hennie Osvaldo, Isia Vann","Vacation scheduling procedures",2,2
"Hennie Osvaldo","Hideki Cocinaro, Varja Lagos, Loreto Bodrogi, Edvard Vann, Stenig Fusil, Hennie Osvaldo, Felix Resumir, Minke Mies","Inspection request for site",1,8
"Hennie Osvaldo","Inga Ferro, Loreto Bodrogi, Isia Vann, Hennie Osvaldo, Minke Mies, Ruscella Mies Haber","Action Virus detected on your system",2,6
"Hennie Osvaldo","Kanon Herrero","Concert tickets",1,1
"Hennie Osvaldo","Kanon Herrero, Stenig Fusil, Inga Ferro, Hideki Cocinaro, Hennie Osvaldo, Felix Resumir, Isia Vann","Resolution of incident",1,7
"Hennie Osvaldo","Minke Mies, Isia Vann, Hideki Cocinaro, Felix Resumir, Loreto Bodrogi, Kanon Herrero, Stenig Fusil, Varja Lagos","Notification of outside visit",1,8
"Hennie Osvaldo","Rachel Pantanal","Files",2,1
"Hideki Cocinaro","Cornelia Lais","No hurry",2,1
"Hideki Cocinaro","Dante Coginian","Tools",3,1
"Hideki Cocinaro","Hideki Cocinaro, Varja Lagos, Isia Vann","Security procedures for January 20 VIP visit",1,3
"Hideki Cocinaro","Inga Ferro, Hennie Osvaldo, Varja Lagos, Minke Mies, Hideki Cocinaro, Edvard Vann, Stenig Fusil, Isia Vann","Updated assignments",2,8
"Hideki Cocinaro","Isande Borrasca","On my way",1,1
"Hideki Cocinaro","Kanon Herrero, Stenig Fusil, Inga Ferro, Hideki Cocinaro, Hennie Osvaldo, Felix Resumir, Isia Vann","Resolution of incident",1,7
"Inga Ferro","Henk Mies","Late for meeting",3,1
"Inga Ferro","Hennie Osvaldo, Loreto Bodrogi, Varja Lagos, Inga Ferro, Kanon Herrero, Hideki Cocinaro, Minke Mies","Security procedures for January 20 VIP visit",1,7
"Inga Ferro","Inga Ferro, Loreto Bodrogi, Isia Vann, Hennie Osvaldo, Minke Mies","FW ARISE  Inspiration for Defenders of Kronos",2,5
"Inga Ferro","Inga Ferro, Loreto Bodrogi, Isia Vann, Hennie Osvaldo, Minke Mies, Ruscella Mies Haber","Action Virus detected on your system",2,6
"Inga Ferro","Kanon Herrero, Hennie Osvaldo, Inga Ferro, Felix Resumir, Edvard Vann, Loreto Bodrogi, Minke Mies, Isia Vann, Varja Lagos","Inspection request for site",1,9
"Inga Ferro","Minke Mies","Late for meeting",3,1
"Inga Ferro","Stenig Fusil","Plants",1,1
"Inga Ferro","Willem Vasco-Pais","Late for meeting",2,1
"Ingrid Barranco","Ada Campo-Corrente, Ingrid Barranco","Suggest topics for upcoming retreat",2,2
"Ingrid Barranco","Ada Campo-Corrente, Ingrid Barranco, Sten Sanjorge Jr ","Maximizing quarterly profits",3,3
"Ingrid Barranco","Ada Campo-Corrente, Orhan Strum, Willem Vasco-Pais, Ingrid Barranco","Impact of local politics on profit margin",1,4
"Ingrid Barranco","Cecilia Morluniau","Supplies",1,1
"Ingrid Barranco","Ingrid Barranco, Ada Campo-Corrente","Reception after the corporate meeting Monday morning",1,2
"Ingrid Barranco","Ingrid Barranco, Ada Campo-Corrente, Orhan Strum","Yearly numbers looking good",4,3
"Ingrid Barranco","Ingrid Barranco, Ada Campo-Corrente, Sten Sanjorge Jr , Willem Vasco-Pais","Managing perceptions about the IPO",1,4
"Ingrid Barranco","Kare Orilla","Works for me thanks",2,1
"Ingrid Barranco","Loreto Bodrogi","Plants",2,1
"Ingrid Barranco","Sten Sanjorge Jr , Ada Campo-Corrente, Ingrid Barranco","Managing perceptions about the IPO",1,3
"Ingrid Barranco","Sten Sanjorge Jr , Willem Vasco-Pais, Ada Campo-Corrente, Orhan Strum","Impact of local politics on profit margin",1,4
"Irene Nant","Benito Hawelon, Claudio Hawelon, Cecilia Morluniau, Dylan Scozzese, Emile Arpa, Dante Coginian, Adan Morlun, Varro Awelon, Irene Nant","Be Careful",1,9
"Irene Nant","Benito Hawelon, Henk Mies, Cecilia Morluniau, Irene Nant, Adan Morlun, Claudio Hawelon","Who took the toolbox out of my truck",1,6
"Irene Nant","Bertrand Ovan, Albina Hafon, Henk Mies, Dylan Scozzese, Cecilia Morluniau, Irene Nant, Adan Morlun","Funny",1,7
"Irene Nant","Bertrand Ovan, Varro Awelon, Dante Coginian, Adan Morlun, Albina Hafon, Claudio Hawelon, Cecilia Morluniau, Irene Nant, Henk Mies","Traffic advisory for today",2,9
"Irene Nant","Cecilia Morluniau, Benito Hawelon, Albina Hafon, Adan Morlun, Claudio Hawelon, Valeria Morlun, Irene Nant","List of repairs needed",1,7
"Irene Nant","Cecilia Morluniau, Claudio Hawelon, Albina Hafon","Who took the toolbox out of my truck",1,3
"Irene Nant","Claudio Hawelon, Albina Hafon, Dylan Scozzese, Irene Nant, Varro Awelon, Benito Hawelon, Dante Coginian","Route suggestion for next shift",1,7
"Irene Nant","Dylan Scozzese, Claudio Hawelon, Emile Arpa, Irene Nant","Traffic advisory for today",1,4
"Irene Nant","Irene Nant, Cecilia Morluniau, Dylan Scozzese","Route suggestion for next shift",2,3
"Irene Nant","Irene Nant, Dylan Scozzese, Adan Morlun, Dante Coginian, Emile Arpa","Guys night out  sorry ladies",1,5
"Irene Nant","Orhan Strum","Ha ha",2,1
"Isak Baza","Birgitta Frente","Are you buying coffee",2,1
"Isak Baza","Isak Baza, Lucas Alcazar","GTSeismicProcessorPro Bug Report",2,2
"Isak Baza","Isak Baza, Lucas Alcazar","Question about behavior of field device",3,2
"Isak Baza","Isak Baza, Lucas Alcazar, Sven Flecha","Anyone have time to help troubleshoot some software",3,3
"Isak Baza","Isak Baza, Nils Calixto","New hardware  advice needed",2,2
"Isak Baza","Isak Baza, Nils Calixto, Sven Flecha","Article  interesting",1,3
"Isak Baza","Isak Baza, Sven Flecha","Anyone have time to help troubleshoot some software",2,2
"Isak Baza","Isak Baza, Sven Flecha","GTSeismicProcessorPro Bug Report",2,2
"Isak Baza","Isak Baza, Sven Flecha, Nils Calixto","Can anyone swap oncall slots with me",1,3
"Isak Baza","Lucas Alcazar, Isak Baza","Have you seen this  New security tool",1,2
"Isak Baza","Lucas Alcazar, Isak Baza, Nils Calixto","Conference report",2,3
"Isak Baza","Lucas Alcazar, Isak Baza, Nils Calixto","GTSeismicProcessorPro Bug Report",3,3
"Isak Baza","Lucas Alcazar, Isak Baza, Nils Calixto, Sven Flecha","Action Review network logs",2,4
"Isak Baza","Lucas Alcazar, Isak Baza, Nils Calixto, Sven Flecha","Can someone verify this behavior",1,4
"Isak Baza","Lucas Alcazar, Isak Baza, Nils Calixto, Sven Flecha","Man your battlestations",3,4
"Isak Baza","Lucas Alcazar, Isak Baza, Nils Calixto, Sven Flecha","Seeing strange network activity",1,4
"Isak Baza","Lucas Alcazar, Isak Baza, Nils Calixto, Sven Flecha","Take a look at this",1,4
"Isak Baza","Lucas Alcazar, Nils Calixto","The most creative spam Ive seen lately",1,2
"Isak Baza","Lucas Alcazar, Sven Flecha, Isak Baza","Conference report",3,3
"Isak Baza","Lucas Alcazar, Sven Flecha, Isak Baza","GTSeismicProcessorPro Bug Report",1,3
"Isak Baza","Lucas Alcazar, Sven Flecha, Nils Calixto","Hardware failures",1,3
"Isak Baza","Nils Calixto, Isak Baza","Web site",1,2
"Isak Baza","Nils Calixto, Isak Baza, Sven Flecha","Whos up for lunch",3,3
"Isak Baza","Sven Flecha, Isak Baza","Patch status",2,2
"Isak Baza","Sven Flecha, Isak Baza, Nils Calixto","Staff still leaving computers unlocked when they leave at the day",1,3
"Isak Baza","Sven Flecha, Lucas Alcazar, Isak Baza","GTSeismicProcessorPro Bug Report",1,3
"Isak Baza","Sven Flecha, Lucas Alcazar, Isak Baza","Hackathon Friday night  my place",2,3
"Isande Borrasca","Axel Calzas, Kare Orilla, Elsa Orilla","GIS update",1,3
"Isande Borrasca","Birgitta Frente, Isande Borrasca, Lars Azada, Marin Onda, Kare Orilla, Gustav Cazar, Axel Calzas, Felix Balas, Vira Frente","Well 103301 stabilization progress report",1,9
"Isande Borrasca","Elsa Orilla, Kare Orilla, Isande Borrasca, Birgitta Frente, Gustav Cazar, Lars Azada, Lidelse Dedos","251600 openhole logging results",1,7
"Isande Borrasca","Hideki Cocinaro","On my way",1,1
"Isande Borrasca","Isande Borrasca, Gustav Cazar, Lars Azada, Lidelse Dedos, Axel Calzas, Felix Balas","Field work rotation schedule",1,6
"Isande Borrasca","Isande Borrasca, Lars Azada, Kare Orilla, Marin Onda, Elsa Orilla, Axel Calzas, Brand Tempestad, Vira Frente","Wellhead flow rate data  overpressure at well 178303",2,8
"Isande Borrasca","Marin Onda, Brand Tempestad, Elsa Orilla, Axel Calzas, Isande Borrasca, Birgitta Frente, Kare Orilla","Wellhead flow rate data  overpressure at well 178303",2,7
"Isande Borrasca","Marin Onda, Felix Balas, Brand Tempestad, Lidelse Dedos, Kare Orilla, Adra Nubarron, Isande Borrasca","GIS update",2,7
"Isande Borrasca","Vira Frente, Felix Balas, Axel Calzas","Wellhead flow rate data",1,3
"Isia Vann","Claudio Hawelon","Awwww cute",3,1
"Isia Vann","Claudio Hawelon","The rest of the files are in your mailbox",1,1
"Isia Vann","Hennie Osvaldo, Isia Vann","Vacation scheduling procedures",2,2
"Isia Vann","Hideki Cocinaro, Varja Lagos, Isia Vann","Security procedures for January 20 VIP visit",1,3
"Isia Vann","Inga Ferro, Hennie Osvaldo, Varja Lagos, Minke Mies, Hideki Cocinaro, Edvard Vann, Stenig Fusil, Isia Vann","Updated assignments",1,8
"Isia Vann","Inga Ferro, Loreto Bodrogi, Isia Vann, Hennie Osvaldo, Minke Mies","FW ARISE  Inspiration for Defenders of Kronos",1,5
"Isia Vann","Loreto Bodrogi, Isia Vann, Edvard Vann, Hideki Cocinaro","Security update how to handle reporters on the grounds",2,4
"Isia Vann","Rachel Pantanal","Did you like the flowers",2,1
"Isia Vann","Rachel Pantanal","Karoake night",2,1
"Isia Vann","Rachel Pantanal","New gyro place opened nearby",1,1
"Isia Vann","Rachel Pantanal","This weekend",3,1
"Isia Vann","Stenig Fusil, Varja Lagos, Kanon Herrero","Vacation scheduling procedures",1,3
"Kanon Herrero","Hennie Osvaldo","Concert tickets",1,1
"Kanon Herrero","Hennie Osvaldo, Loreto Bodrogi, Varja Lagos, Inga Ferro, Kanon Herrero, Hideki Cocinaro, Minke Mies","Security procedures for January 20 VIP visit",1,7
"Kanon Herrero","Irene Nant","No hurry",1,1
"Kanon Herrero","Kanon Herrero, Hennie Osvaldo, Inga Ferro, Felix Resumir, Edvard Vann, Loreto Bodrogi, Minke Mies, Isia Vann, Varja Lagos","Inspection request for site",1,9
"Kanon Herrero","Kanon Herrero, Minke Mies, Hennie Osvaldo, Inga Ferro, Edvard Vann, Felix Resumir","Security procedures for January 20 VIP visit",3,6
"Kanon Herrero","Nils Calixto","Late for meeting",3,1
"Kanon Herrero","Stenig Fusil, Varja Lagos, Kanon Herrero","Vacation scheduling procedures",1,3
"Kare Orilla","Benito Hawelon","Concert",1,1
"Kare Orilla","Gustav Cazar, Felix Balas, Brand Tempestad, Axel Calzas","GIS update",1,4
"Kare Orilla","Inga Ferro","Favor  water plants please next month",1,1
"Kare Orilla","Ingrid Barranco","Works for me thanks",1,1
"Kare Orilla","Isande Borrasca, Brand Tempestad, Adra Nubarron, Marin Onda, Kare Orilla, Elsa Orilla","251600 openhole logging results",3,6
"Kare Orilla","Isande Borrasca, Lars Azada, Kare Orilla, Marin Onda, Elsa Orilla, Axel Calzas, Brand Tempestad, Vira Frente","Wellhead flow rate data  overpressure at well 178303",1,8
"Kare Orilla","Lidelse Dedos","Ha ha",3,1
"Kare Orilla","Marin Onda, Brand Tempestad, Elsa Orilla, Axel Calzas, Isande Borrasca, Birgitta Frente, Kare Orilla","Wellhead flow rate data  overpressure at well 178303",1,7
"Kare Orilla","Marin Onda, Felix Balas, Brand Tempestad, Lidelse Dedos, Kare Orilla, Adra Nubarron, Isande Borrasca","GIS update",2,7
"Lars Azada","Adra Nubarron, Lars Azada, Axel Calzas, Lidelse Dedos","Field work rotation schedule",5,4
"Lars Azada","Anda Ribera","Whox92s tracking the office pool",2,1
"Lars Azada","Axel Calzas","Meeting",1,1
"Lars Azada","Axel Calzas, Elsa Orilla, Lars Azada","Field work rotation schedule",2,3
"Lars Azada","Axel Calzas, Vira Frente, Lidelse Dedos, Elsa Orilla","Downhole prediction 252200",1,4
"Lars Azada","Birgitta Frente, Lars Azada, Felix Balas","Wellhead flow rate data",2,3
"Lars Azada","Brand Tempestad, Lidelse Dedos, Lars Azada","HASR Injection Progress",2,3
"Lars Azada","Isande Borrasca, Lars Azada, Kare Orilla, Marin Onda, Elsa Orilla, Axel Calzas, Brand Tempestad, Vira Frente","Wellhead flow rate data  overpressure at well 178303",2,8
"Lars Azada","Lidelse Dedos","Supplies",1,1
"Lidelse Dedos","Adra Nubarron, Lars Azada, Axel Calzas, Lidelse Dedos","Field work rotation schedule",1,4
"Lidelse Dedos","Axel Calzas, Lidelse Dedos","Wellhead flow rate data",2,2
"Lidelse Dedos","Axel Calzas, Vira Frente, Lidelse Dedos, Elsa Orilla","Downhole prediction 252200",1,4
"Lidelse Dedos","Birgitta Frente, Isande Borrasca, Lars Azada, Marin Onda, Kare Orilla, Gustav Cazar, Axel Calzas, Felix Balas, Vira Frente","Well 103301 stabilization progress report",1,9
"Lidelse Dedos","Brand Tempestad, Lidelse Dedos, Lars Azada","HASR Injection Progress",1,3
"Lidelse Dedos","Elsa Orilla","Files",2,1
"Lidelse Dedos","Isande Borrasca, Lidelse Dedos","Downhole prediction 252200  updated",2,2
"Lidelse Dedos","Kare Orilla","Ha ha",3,1
"Lidelse Dedos","Lidelse Dedos, Elsa Orilla, Felix Balas, Birgitta Frente, Brand Tempestad, Adra Nubarron","GIS update",1,6
"Lidelse Dedos","Lidelse Dedos, Lars Azada, Vira Frente, Kare Orilla","Downhole logging scheduled for 251600",1,4
"Lidelse Dedos","Marin Onda, Felix Balas, Brand Tempestad, Lidelse Dedos, Kare Orilla, Adra Nubarron, Isande Borrasca","GIS update",2,7
"Linda Lagos","Mat Bramar, Anda Ribera, Rachel Pantanal, Linda Lagos, Ruscella Mies Haber, Carla Forluniau, Cornelia Lais","Babysitting recommendations",2,7
"Linda Lagos","Mat Bramar, Anda Ribera, Rachel Pantanal, Linda Lagos, Ruscella Mies Haber, Carla Forluniau, Cornelia Lais","Catering",4,7
"Linda Lagos","Mat Bramar, Anda Ribera, Rachel Pantanal, Linda Lagos, Ruscella Mies Haber, Carla Forluniau, Cornelia Lais","Does anyone have",1,7
"Linda Lagos","Mat Bramar, Anda Ribera, Rachel Pantanal, Linda Lagos, Ruscella Mies Haber, Carla Forluniau, Cornelia Lais","Question  new travel forms",1,7
"Linda Lagos","Mat Bramar, Anda Ribera, Rachel Pantanal, Linda Lagos, Ruscella Mies Haber, Carla Forluniau, Cornelia Lais","Too funy  you have to see this",3,7
"Linda Lagos","Mat Bramar, Anda Ribera, Rachel Pantanal, Linda Lagos, Ruscella Mies Haber, Carla Forluniau, Cornelia Lais","Training opportunity",3,7
"Linda Lagos","Mat Bramar, Anda Ribera, Rachel Pantanal, Linda Lagos, Ruscella Mies Haber, Carla Forluniau, Cornelia Lais","Training question",1,7
"Linda Lagos","Mat Bramar, Anda Ribera, Rachel Pantanal, Linda Lagos, Ruscella Mies Haber, Carla Forluniau, Cornelia Lais","Watch found",1,7
"Linda Lagos","Mat Bramar, Anda Ribera, Rachel Pantanal, Linda Lagos, Ruscella Mies Haber, Carla Forluniau, Cornelia Lais","When you have a minute",1,7
"Linda Lagos","Mat Bramar, Anda Ribera, Rachel Pantanal, Linda Lagos, Ruscella Mies Haber, Carla Forluniau, Cornelia Lais","You never get a second chance to make a first impression",1,7
"Linda Lagos","Vira Frente","Awwww cute",1,1
"Linnea Bergen","Axel Calzas","Supplies",1,1
"Linnea Bergen","Claudio Hawelon","Favor  borrow hedge trimmer",2,1
"Linnea Bergen","Inga Ferro, Loreto Bodrogi, Isia Vann, Hennie Osvaldo, Minke Mies, Ruscella Mies Haber","Action Virus detected on your system",3,6
"Linnea Bergen","Lucas Alcazar","Favor  water plants please next month",1,1
"Linnea Bergen","Rachel Pantanal","Action Virus detected on your system",2,1
"Linnea Bergen","Ruscella Mies Haber","Action Virus detected on your system",2,1
"Loreto Bodrogi","Hennie Osvaldo, Loreto Bodrogi, Varja Lagos, Inga Ferro, Kanon Herrero, Hideki Cocinaro, Minke Mies","Security procedures for January 20 VIP visit",1,7
"Loreto Bodrogi","Hideki Cocinaro, Varja Lagos, Isia Vann","Security procedures for January 20 VIP visit",1,3
"Loreto Bodrogi","Inga Ferro, Loreto Bodrogi, Isia Vann, Hennie Osvaldo, Minke Mies","FW ARISE  Inspiration for Defenders of Kronos",1,5
"Loreto Bodrogi","Inga Ferro, Loreto Bodrogi, Isia Vann, Hennie Osvaldo, Minke Mies, Ruscella Mies Haber","Action Virus detected on your system",1,6
"Loreto Bodrogi","Ingrid Barranco","Plants",3,1
"Loreto Bodrogi","Isia Vann, Edvard Vann, Stenig Fusil","Inspection request for site",1,3
"Loreto Bodrogi","Minke Mies, Stenig Fusil, Felix Resumir, Kanon Herrero, Loreto Bodrogi, Hennie Osvaldo","Notification of outside visit",1,6
"Loreto Bodrogi","Varja Lagos, Hennie Osvaldo, Loreto Bodrogi, Inga Ferro","Patrol schedule changes",1,4
"Lucas Alcazar","Dante Coginian","Congratulations on your service anniversary",1,1
"Lucas Alcazar","Emile Arpa","Copier",2,1
"Lucas Alcazar","Isak Baza, Lucas Alcazar","GT website under attack",2,2
"Lucas Alcazar","Isak Baza, Lucas Alcazar","GTSeismicProcessorPro Bug Report",5,2
"Lucas Alcazar","Isak Baza, Lucas Alcazar","Question about behavior of field device",2,2
"Lucas Alcazar","Isak Baza, Lucas Alcazar, Sven Flecha","Anyone have time to help troubleshoot some software",1,3
"Lucas Alcazar","Isak Baza, Sven Flecha, Nils Calixto","Can anyone swap oncall slots with me",1,3
"Lucas Alcazar","Linnea Bergen","Favor  water plants please next month",1,1
"Lucas Alcazar","Lucas Alcazar, Isak Baza","Have you seen this  New security tool",5,2
"Lucas Alcazar","Lucas Alcazar, Isak Baza","Spam reports",1,2
"Lucas Alcazar","Lucas Alcazar, Isak Baza, Nils Calixto","Conference report",1,3
"Lucas Alcazar","Lucas Alcazar, Isak Baza, Nils Calixto","GTSeismicProcessorPro Bug Report",2,3
"Lucas Alcazar","Lucas Alcazar, Isak Baza, Nils Calixto, Sven Flecha","Can someone verify this behavior",3,4
"Lucas Alcazar","Lucas Alcazar, Isak Baza, Nils Calixto, Sven Flecha","Seeing strange network activity",2,4
"Lucas Alcazar","Lucas Alcazar, Nils Calixto","Article  interesting",1,2
"Lucas Alcazar","Lucas Alcazar, Nils Calixto","Security patches needed",2,2
"Lucas Alcazar","Lucas Alcazar, Sven Flecha, Isak Baza","Conference report",3,3
"Lucas Alcazar","Lucas Alcazar, Sven Flecha, Isak Baza","GTSeismicProcessorPro Bug Report",5,3
"Lucas Alcazar","Lucas Alcazar, Sven Flecha, Nils Calixto","Anyone have a spare monitor",3,3
"Lucas Alcazar","Lucas Alcazar, Sven Flecha, Nils Calixto","Hardware failures",2,3
"Lucas Alcazar","Nils Calixto, Lucas Alcazar","Conference report",2,2
"Lucas Alcazar","Nils Calixto, Lucas Alcazar, Sven Flecha","Software review report",1,3
"Lucas Alcazar","Nils Calixto, Sven Flecha","GTSeismicProcessorPro Bug Report",1,2
"Lucas Alcazar","Sven Flecha, Isak Baza","Patch status",1,2
"Lucas Alcazar","Sven Flecha, Isak Baza","Software review report",1,2
"Lucas Alcazar","Sven Flecha, Lucas Alcazar, Isak Baza","GTSeismicProcessorPro Bug Report",3,3
"Lucas Alcazar","Sven Flecha, Lucas Alcazar, Isak Baza","Hackathon Friday night  my place",2,3
"Lucas Alcazar","Sven Flecha, Nils Calixto","The most creative spam Ive seen lately",1,2
"Marin Onda","Emile Arpa","Files",2,1
"Marin Onda","Isande Borrasca, Elsa Orilla, Felix Balas, Brand Tempestad, Kare Orilla, Adra Nubarron, Lars Azada, Marin Onda, Gustav Cazar","Wellhead flow rate data",1,9
"Marin Onda","Vira Frente","NO DECAF  HA HA",3,1
"Mat Bramar","Dante Coginian","Document stuck",1,1
"Mat Bramar","Mat Bramar, Anda Ribera, Rachel Pantanal, Linda Lagos, Ruscella Mies Haber, Carla Forluniau, Cornelia Lais","Babysitting recommendations",2,7
"Mat Bramar","Mat Bramar, Anda Ribera, Rachel Pantanal, Linda Lagos, Ruscella Mies Haber, Carla Forluniau, Cornelia Lais","Catering",1,7
"Mat Bramar","Mat Bramar, Anda Ribera, Rachel Pantanal, Linda Lagos, Ruscella Mies Haber, Carla Forluniau, Cornelia Lais","Coupon club",2,7
"Mat Bramar","Mat Bramar, Anda Ribera, Rachel Pantanal, Linda Lagos, Ruscella Mies Haber, Carla Forluniau, Cornelia Lais","Craft night",1,7
"Mat Bramar","Mat Bramar, Anda Ribera, Rachel Pantanal, Linda Lagos, Ruscella Mies Haber, Carla Forluniau, Cornelia Lais","Does anyone have",2,7
"Mat Bramar","Mat Bramar, Anda Ribera, Rachel Pantanal, Linda Lagos, Ruscella Mies Haber, Carla Forluniau, Cornelia Lais","Dress for success  Dress to impress",2,7
"Mat Bramar","Mat Bramar, Anda Ribera, Rachel Pantanal, Linda Lagos, Ruscella Mies Haber, Carla Forluniau, Cornelia Lais","Joke  funny",1,7
"Mat Bramar","Mat Bramar, Anda Ribera, Rachel Pantanal, Linda Lagos, Ruscella Mies Haber, Carla Forluniau, Cornelia Lais","Too funy  you have to see this",3,7
"Mat Bramar","Mat Bramar, Anda Ribera, Rachel Pantanal, Linda Lagos, Ruscella Mies Haber, Carla Forluniau, Cornelia Lais","Training opportunity",1,7
"Mat Bramar","Mat Bramar, Anda Ribera, Rachel Pantanal, Linda Lagos, Ruscella Mies Haber, Carla Forluniau, Cornelia Lais","Watch found",2,7
"Mat Bramar","Mat Bramar, Anda Ribera, Rachel Pantanal, Linda Lagos, Ruscella Mies Haber, Carla Forluniau, Cornelia Lais","When you have a minute",1,7
"Mat Bramar","Varro Awelon","Need a ride to lunch later",3,1
"Minke Mies","Adra Nubarron","Awwww cute",1,1
"Minke Mies","Inga Ferro","Late for meeting",3,1
"Minke Mies","Inga Ferro, Loreto Bodrogi, Isia Vann, Hennie Osvaldo, Minke Mies, Ruscella Mies Haber","Action Virus detected on your system",1,6
"Minke Mies","Nils Calixto","Concert",2,1
"Minke Mies","Vira Frente","The rest of the files are in your mailbox",3,1
"Nils Calixto","Axel Calzas","Going home sick",2,1
"Nils Calixto","Isak Baza, Nils Calixto, Sven Flecha","Article  interesting",1,3
"Nils Calixto","Isak Baza, Sven Flecha","Anyone have time to help troubleshoot some software",1,2
"Nils Calixto","Isak Baza, Sven Flecha","GTSeismicProcessorPro Bug Report",1,2
"Nils Calixto","Kanon Herrero","Late for meeting",2,1
"Nils Calixto","Lucas Alcazar, Isak Baza","Spam reports",1,2
"Nils Calixto","Lucas Alcazar, Isak Baza, Nils Calixto","Conference report",3,3
"Nils Calixto","Lucas Alcazar, Isak Baza, Nils Calixto","GTSeismicProcessorPro Bug Report",2,3
"Nils Calixto","Lucas Alcazar, Isak Baza, Nils Calixto, Sven Flecha","Action Review network logs",2,4
"Nils Calixto","Lucas Alcazar, Isak Baza, Nils Calixto, Sven Flecha","Can someone verify this behavior",3,4
"Nils Calixto","Lucas Alcazar, Isak Baza, Nils Calixto, Sven Flecha","Man your battlestations",2,4
"Nils Calixto","Lucas Alcazar, Isak Baza, Nils Calixto, Sven Flecha","Seeing strange network activity",2,4
"Nils Calixto","Lucas Alcazar, Isak Baza, Nils Calixto, Sven Flecha","Take a look at this",1,4
"Nils Calixto","Lucas Alcazar, Nils Calixto","Article  interesting",3,2
"Nils Calixto","Lucas Alcazar, Nils Calixto","Security patches needed",5,2
"Nils Calixto","Lucas Alcazar, Nils Calixto","The most creative spam Ive seen lately",2,2
"Nils Calixto","Lucas Alcazar, Sven Flecha, Isak Baza","GTSeismicProcessorPro Bug Report",1,3
"Nils Calixto","Lucas Alcazar, Sven Flecha, Nils Calixto","Anyone have a spare monitor",1,3
"Nils Calixto","Minke Mies","Concert",1,1
"Nils Calixto","Minke Mies","No problem",1,1
"Nils Calixto","Nils Calixto, Isak Baza","Web site",1,2
"Nils Calixto","Nils Calixto, Lucas Alcazar, Sven Flecha","Software review report",2,3
"Nils Calixto","Nils Calixto, Sven Flecha","Draft report  comments needed by Monday",3,2
"Nils Calixto","Nils Calixto, Sven Flecha","GTSeismicProcessorPro Bug Report",3,2
"Nils Calixto","Nils Calixto, Sven Flecha","The most creative spam Ive seen lately",2,2
"Nils Calixto","Nils Calixto, Sven Flecha","Web site",2,2
"Nils Calixto","Sven Flecha, Isak Baza, Nils Calixto","Staff still leaving computers unlocked when they leave at the day",1,3
"Nils Calixto","Sven Flecha, Lucas Alcazar, Isak Baza","GTSeismicProcessorPro Bug Report",1,3
"Nils Calixto","Sven Flecha, Nils Calixto","The most creative spam Ive seen lately",2,2
"Orhan Strum","Gustav Cazar","Plants",3,1
"Orhan Strum","Ingrid Barranco, Ada Campo-Corrente, Orhan Strum","Yearly numbers looking good",2,3
"Orhan Strum","Ingrid Barranco, Ada Campo-Corrente, Sten Sanjorge Jr , Willem Vasco-Pais","Managing perceptions about the IPO",1,4
"Orhan Strum","Irene Nant","Ha ha",2,1
"Orhan Strum","Orhan Strum, Sten Sanjorge Jr , Ada Campo-Corrente","Impact of Kronos politics on upcoming rollout",2,3
"Orhan Strum","Orhan Strum, Willem Vasco-Pais","IPO",1,2
"Orhan Strum","Sten Sanjorge Jr , Willem Vasco-Pais, Ada Campo-Corrente, Orhan Strum","Impact of local politics on profit margin",1,4
"Orhan Strum","Stenig Fusil","Service anniversary",1,1
"Orhan Strum","Willem Vasco-Pais","Favor  water plants please next month",2,1
"Orhan Strum","Willem Vasco-Pais, Orhan Strum","Maximizing quarterly profits",3,2
"Orhan Strum","Willem Vasco-Pais, Orhan Strum","Vistors from Tethys",3,2
"Rachel Pantanal","Albina Hafon","Service anniversary",1,1
"Rachel Pantanal","Claudio Hawelon","Are you buying coffee",1,1
"Rachel Pantanal","Hennie Osvaldo","Files",2,1
"Rachel Pantanal","Isia Vann","Did you like the flowers  yes",1,1
"Rachel Pantanal","Isia Vann","Karoake night",1,1
"Rachel Pantanal","Isia Vann","New gyro place opened nearby  YUM",1,1
"Rachel Pantanal","Isia Vann","This weekend",2,1
"Rachel Pantanal","Mat Bramar, Anda Ribera, Rachel Pantanal, Linda Lagos, Ruscella Mies Haber, Carla Forluniau, Cornelia Lais","Babysitting recommendations",2,7
"Rachel Pantanal","Mat Bramar, Anda Ribera, Rachel Pantanal, Linda Lagos, Ruscella Mies Haber, Carla Forluniau, Cornelia Lais","Does anyone have",1,7
"Rachel Pantanal","Mat Bramar, Anda Ribera, Rachel Pantanal, Linda Lagos, Ruscella Mies Haber, Carla Forluniau, Cornelia Lais","Missing sweater",1,7
"Rachel Pantanal","Mat Bramar, Anda Ribera, Rachel Pantanal, Linda Lagos, Ruscella Mies Haber, Carla Forluniau, Cornelia Lais","Question  new travel forms",1,7
"Rachel Pantanal","Mat Bramar, Anda Ribera, Rachel Pantanal, Linda Lagos, Ruscella Mies Haber, Carla Forluniau, Cornelia Lais","Too funy  you have to see this",2,7
"Rachel Pantanal","Mat Bramar, Anda Ribera, Rachel Pantanal, Linda Lagos, Ruscella Mies Haber, Carla Forluniau, Cornelia Lais","Training opportunity",3,7
"Rachel Pantanal","Mat Bramar, Anda Ribera, Rachel Pantanal, Linda Lagos, Ruscella Mies Haber, Carla Forluniau, Cornelia Lais","Watch found",1,7
"Rachel Pantanal","Mat Bramar, Anda Ribera, Rachel Pantanal, Linda Lagos, Ruscella Mies Haber, Carla Forluniau, Cornelia Lais","When you have a minute",1,7
"Rachel Pantanal","Mat Bramar, Anda Ribera, Rachel Pantanal, Linda Lagos, Ruscella Mies Haber, Carla Forluniau, Cornelia Lais","You never get a second chance to make a first impression",2,7
"Rachel Pantanal","Ruscella Mies Haber","FW ARISE  Inspiration for Defenders of Kronos",2,1
"Ruscella Mies Haber","Ada Campo-Corrente","Deadline changed",1,1
"Ruscella Mies Haber","Adra Nubarron","Plants",2,1
"Ruscella Mies Haber","Inga Ferro, Loreto Bodrogi, Isia Vann, Hennie Osvaldo, Minke Mies","FW ARISE  Inspiration for Defenders of Kronos",1,5
"Ruscella Mies Haber","Inga Ferro, Loreto Bodrogi, Isia Vann, Hennie Osvaldo, Minke Mies, Ruscella Mies Haber","Action Virus detected on your system",1,6
"Ruscella Mies Haber","Mat Bramar, Anda Ribera, Rachel Pantanal, Linda Lagos, Ruscella Mies Haber, Carla Forluniau, Cornelia Lais","Babysitting recommendations",2,7
"Ruscella Mies Haber","Mat Bramar, Anda Ribera, Rachel Pantanal, Linda Lagos, Ruscella Mies Haber, Carla Forluniau, Cornelia Lais","Can someone cover for me next week",2,7
"Ruscella Mies Haber","Mat Bramar, Anda Ribera, Rachel Pantanal, Linda Lagos, Ruscella Mies Haber, Carla Forluniau, Cornelia Lais","Catering",1,7
"Ruscella Mies Haber","Mat Bramar, Anda Ribera, Rachel Pantanal, Linda Lagos, Ruscella Mies Haber, Carla Forluniau, Cornelia Lais","Craft night",2,7
"Ruscella Mies Haber","Mat Bramar, Anda Ribera, Rachel Pantanal, Linda Lagos, Ruscella Mies Haber, Carla Forluniau, Cornelia Lais","Does anyone have",2,7
"Ruscella Mies Haber","Mat Bramar, Anda Ribera, Rachel Pantanal, Linda Lagos, Ruscella Mies Haber, Carla Forluniau, Cornelia Lais","Dress for success  Dress to impress",1,7
"Ruscella Mies Haber","Mat Bramar, Anda Ribera, Rachel Pantanal, Linda Lagos, Ruscella Mies Haber, Carla Forluniau, Cornelia Lais","Question  new travel forms",1,7
"Ruscella Mies Haber","Mat Bramar, Anda Ribera, Rachel Pantanal, Linda Lagos, Ruscella Mies Haber, Carla Forluniau, Cornelia Lais","Question  Protocol for VIP visit",1,7
"Ruscella Mies Haber","Mat Bramar, Anda Ribera, Rachel Pantanal, Linda Lagos, Ruscella Mies Haber, Carla Forluniau, Cornelia Lais","Watch found",1,7
"Ruscella Mies Haber","Mat Bramar, Anda Ribera, Rachel Pantanal, Linda Lagos, Ruscella Mies Haber, Carla Forluniau, Cornelia Lais","You never get a second chance to make a first impression",1,7
"Sten Sanjorge Jr ","Ada Campo-Corrente, Ingrid Barranco","Suggest topics for upcoming retreat",1,2
"Sten Sanjorge Jr ","Ada Campo-Corrente, Orhan Strum, Willem Vasco-Pais, Sten Sanjorge Jr ","Impromptu golf vacation  whos in",1,4
"Sten Sanjorge Jr ","Henk Mies","Files",2,1
"Sten Sanjorge Jr ","Ingrid Barranco, Ada Campo-Corrente","Reception after the corporate meeting Monday morning",1,2
"Sten Sanjorge Jr ","Ingrid Barranco, Ada Campo-Corrente, Sten Sanjorge Jr , Willem Vasco-Pais","Managing perceptions about the IPO",1,4
"Sten Sanjorge Jr ","Ingrid Barranco, Sten Sanjorge Jr ","Recommendations for a good investment advisor",3,2
"Sten Sanjorge Jr ","Orhan Strum, Sten Sanjorge Jr , Ada Campo-Corrente","Impact of Kronos politics on upcoming rollout",3,3
"Sten Sanjorge Jr ","Orhan Strum, Willem Vasco-Pais","IPO",1,2
"Sten Sanjorge Jr ","Orhan Strum, Willem Vasco-Pais, Ada Campo-Corrente, Sten Sanjorge Jr ","Recommend a good vacation spot",2,4
"Sten Sanjorge Jr ","Sten Sanjorge Jr , Ada Campo-Corrente","Managing perceptions about the IPO",3,2
"Sten Sanjorge Jr ","Sten Sanjorge Jr , Ada Campo-Corrente, Ingrid Barranco","Managing perceptions about the IPO",2,3
"Sten Sanjorge Jr ","Sten Sanjorge Jr , Willem Vasco-Pais","Operational efficiencies",2,2
"Sten Sanjorge Jr ","Sten Sanjorge Jr , Willem Vasco-Pais, Ada Campo-Corrente, Orhan Strum","Impact of local politics on profit margin",1,4
"Sten Sanjorge Jr ","Willem Vasco-Pais, Orhan Strum","Vistors from Tethys",1,2
"Sten Sanjorge Jr ","Willem Vasco-Pais, Sten Sanjorge Jr , Ada Campo-Corrente","Recommend a good vacation spot",3,3
"Sten Sanjorge Jr ","Willem Vasco-Pais, Sten Sanjorge Jr , Ada Campo-Corrente, Orhan Strum","Yearly numbers looking good",2,4
"Stenig Fusil","Hideki Cocinaro, Varja Lagos, Loreto Bodrogi, Edvard Vann, Stenig Fusil, Hennie Osvaldo, Felix Resumir, Minke Mies","Inspection request for site",2,8
"Stenig Fusil","Inga Ferro, Hennie Osvaldo, Varja Lagos, Minke Mies, Hideki Cocinaro, Edvard Vann, Stenig Fusil, Isia Vann","Updated assignments",1,8
"Stenig Fusil","Kanon Herrero, Stenig Fusil, Inga Ferro, Hideki Cocinaro, Hennie Osvaldo, Felix Resumir, Isia Vann","Resolution of incident",3,7
"Stenig Fusil","Loreto Bodrogi, Isia Vann, Edvard Vann, Hideki Cocinaro","Security update how to handle reporters on the grounds",1,4
"Stenig Fusil","Minke Mies, Stenig Fusil, Felix Resumir, Kanon Herrero, Loreto Bodrogi, Hennie Osvaldo","Notification of outside visit",3,6
"Stenig Fusil","Orhan Strum","Service anniversary",1,1
"Stenig Fusil","Stenig Fusil","Favor  borrow hedge trimmer",3,1
"Stenig Fusil","Varja Lagos","Awwww cute",2,1
"Stenig Fusil","Vira Frente","Hey Ix92m going home sick",2,1
"Sven Flecha","Isak Baza, Nils Calixto","New hardware  advice needed",1,2
"Sven Flecha","Isak Baza, Sven Flecha","Anyone have time to help troubleshoot some software",4,2
"Sven Flecha","Lucas Alcazar, Isak Baza, Nils Calixto, Sven Flecha","Action Review network logs",2,4
"Sven Flecha","Lucas Alcazar, Isak Baza, Nils Calixto, Sven Flecha","Can someone verify this behavior",1,4
"Sven Flecha","Lucas Alcazar, Isak Baza, Nils Calixto, Sven Flecha","Man your battlestations",2,4
"Sven Flecha","Lucas Alcazar, Isak Baza, Nils Calixto, Sven Flecha","Seeing strange network activity",1,4
"Sven Flecha","Lucas Alcazar, Isak Baza, Nils Calixto, Sven Flecha","Take a look at this",1,4
"Sven Flecha","Lucas Alcazar, Sven Flecha, Isak Baza","Conference report",1,3
"Sven Flecha","Lucas Alcazar, Sven Flecha, Nils Calixto","Anyone have a spare monitor",1,3
"Sven Flecha","Nils Calixto, Isak Baza, Sven Flecha","Whos up for lunch",3,3
"Sven Flecha","Nils Calixto, Lucas Alcazar, Sven Flecha","Software review report",2,3
"Sven Flecha","Nils Calixto, Sven Flecha","Draft report  comments needed by Monday",4,2
"Sven Flecha","Nils Calixto, Sven Flecha","GTSeismicProcessorPro Bug Report",1,2
"Sven Flecha","Nils Calixto, Sven Flecha","The most creative spam Ive seen lately",2,2
"Sven Flecha","Nils Calixto, Sven Flecha","Web site",2,2
"Sven Flecha","Sven Flecha, Isak Baza","Patch status",1,2
"Sven Flecha","Sven Flecha, Isak Baza","Software review report",1,2
"Sven Flecha","Sven Flecha, Isak Baza, Nils Calixto","Staff still leaving computers unlocked when they leave at the day",1,3
"Sven Flecha","Sven Flecha, Lucas Alcazar, Isak Baza","GTSeismicProcessorPro Bug Report",2,3
"Sven Flecha","Sven Flecha, Lucas Alcazar, Isak Baza","Hackathon Friday night  my place",3,3
"Sven Flecha","Sven Flecha, Lucas Alcazar, Nils Calixto","Question about behavior of field device",4,3
"Sven Flecha","Sven Flecha, Nils Calixto","The most creative spam Ive seen lately",1,2
"Valeria Morlun","Adan Morlun, Claudio Hawelon","Safety First",1,2
"Valeria Morlun","Albina Hafon, Dylan Scozzese, Henk Mies, Claudio Hawelon, Cecilia Morluniau, Valeria Morlun, Irene Nant","Guys night out  sorry ladies",1,7
"Valeria Morlun","Anda Ribera","Favor  borrow hedge trimmer",1,1
"Valeria Morlun","Claudio Hawelon, Dante Coginian, Varro Awelon, Valeria Morlun, Dylan Scozzese","Caution downtown",2,5
"Valeria Morlun","Dylan Scozzese, Adan Morlun, Henk Mies, Albina Hafon","Union meeting",1,4
"Valeria Morlun","Emile Arpa, Dante Coginian","Safety First",1,2
"Valeria Morlun","Henk Mies, Benito Hawelon, Cecilia Morluniau, Claudio Hawelon, Valeria Morlun, Albina Hafon, Irene Nant","Funny",1,7
"Valeria Morlun","Stenig Fusil","Favor  borrow hedge trimmer",1,1
"Valeria Morlun","Valeria Morlun, Adan Morlun, Emile Arpa, Claudio Hawelon","Guys night out  sorry ladies",1,4
"Valeria Morlun","Valeria Morlun, Varro Awelon","Who took the toolbox out of my truck",2,2
"Valeria Morlun","Varro Awelon, Claudio Hawelon, Dante Coginian, Dylan Scozzese, Benito Hawelon, Henk Mies, Emile Arpa","Facilities preparations for VIP visit",1,7
"Varja Lagos","Axel Calzas","Out of staples",1,1
"Varja Lagos","Hennie Osvaldo, Loreto Bodrogi, Varja Lagos, Inga Ferro, Kanon Herrero, Hideki Cocinaro, Minke Mies","Security procedures for January 20 VIP visit",2,7
"Varja Lagos","Hideki Cocinaro, Varja Lagos, Isia Vann","Security procedures for January 20 VIP visit",2,3
"Varja Lagos","Hideki Cocinaro, Varja Lagos, Loreto Bodrogi, Edvard Vann, Stenig Fusil, Hennie Osvaldo, Felix Resumir, Minke Mies","Inspection request for site",1,8
"Varja Lagos","Kanon Herrero, Hennie Osvaldo, Inga Ferro, Felix Resumir, Edvard Vann, Loreto Bodrogi, Minke Mies, Isia Vann, Varja Lagos","Inspection request for site",1,9
"Varja Lagos","Kanon Herrero, Stenig Fusil, Inga Ferro, Hideki Cocinaro, Hennie Osvaldo, Felix Resumir, Isia Vann","Resolution of incident",1,7
"Varja Lagos","Minke Mies, Isia Vann, Hideki Cocinaro, Felix Resumir, Loreto Bodrogi, Kanon Herrero, Stenig Fusil, Varja Lagos","Notification of outside visit",1,8
"Varja Lagos","Stenig Fusil","Awwww cute",2,1
"Varja Lagos","Stenig Fusil, Varja Lagos, Kanon Herrero","Vacation scheduling procedures",1,3
"Varja Lagos","Varja Lagos, Hennie Osvaldo, Loreto Bodrogi, Inga Ferro","Patrol schedule changes",1,4
"Varro Awelon","Albina Hafon, Emile Arpa, Varro Awelon, Valeria Morlun, Claudio Hawelon, Cecilia Morluniau, Henk Mies, Adan Morlun, Benito Hawelon","Safety First",1,9
"Varro Awelon","Albina Hafon, Henk Mies, Emile Arpa, Valeria Morlun, Irene Nant","Dont text and drive",1,5
"Varro Awelon","Benito Hawelon, Cecilia Morluniau, Varro Awelon, Albina Hafon, Dante Coginian, Claudio Hawelon","Dont text and drive",1,6
"Varro Awelon","Bertrand Ovan, Varro Awelon, Dante Coginian, Adan Morlun, Albina Hafon, Claudio Hawelon, Cecilia Morluniau, Irene Nant, Henk Mies","Traffic advisory for today",1,9
"Varro Awelon","Carla Forluniau","Favor  borrow hedge trimmer",2,1
"Varro Awelon","Claudio Hawelon, Albina Hafon, Dylan Scozzese, Irene Nant, Varro Awelon, Benito Hawelon, Dante Coginian","Route suggestion for next shift",1,7
"Varro Awelon","Mat Bramar","Need a ride to lunch later",3,1
"Varro Awelon","Valeria Morlun, Dylan Scozzese","Safety First",1,2
"Varro Awelon","Valeria Morlun, Varro Awelon","Who took the toolbox out of my truck",1,2
"Vira Frente","Axel Calzas, Vira Frente, Lidelse Dedos, Elsa Orilla","Downhole prediction 252200",2,4
"Vira Frente","Isande Borrasca, Elsa Orilla, Felix Balas, Brand Tempestad, Kare Orilla, Adra Nubarron, Lars Azada, Marin Onda, Gustav Cazar","Wellhead flow rate data",1,9
"Vira Frente","Isande Borrasca, Lars Azada, Kare Orilla, Marin Onda, Elsa Orilla, Axel Calzas, Brand Tempestad, Vira Frente","Wellhead flow rate data  overpressure at well 178303",1,8
"Vira Frente","Linda Lagos","Awwww cute",1,1
"Vira Frente","Marin Onda","NO DECAF  HA HA",2,1
"Vira Frente","Minke Mies","The rest of the files are in your mailbox",3,1
"Vira Frente","Stenig Fusil","Hey Ix92m going home sick",2,1
"Vira Frente","Vira Frente, Axel Calzas","249700 Initial flow rates",3,2
"Vira Frente","Vira Frente, Felix Balas, Axel Calzas","Wellhead flow rate data",1,3
"Willem Vasco-Pais","Ada Campo-Corrente, Orhan Strum, Willem Vasco-Pais, Ingrid Barranco","Impact of local politics on profit margin",3,4
"Willem Vasco-Pais","Ada Campo-Corrente, Orhan Strum, Willem Vasco-Pais, Sten Sanjorge Jr ","Impromptu golf vacation  whos in",1,4
"Willem Vasco-Pais","Inga Ferro","Late for meeting",2,1
"Willem Vasco-Pais","Orhan Strum","Favor  water plants please next month",1,1
"Willem Vasco-Pais","Orhan Strum, Willem Vasco-Pais","IPO",3,2
"Willem Vasco-Pais","Orhan Strum, Willem Vasco-Pais, Ada Campo-Corrente, Sten Sanjorge Jr ","Recommend a good vacation spot",1,4
"Willem Vasco-Pais","Sten Sanjorge Jr , Ada Campo-Corrente, Ingrid Barranco","Managing perceptions about the IPO",1,3
"Willem Vasco-Pais","Sten Sanjorge Jr , Willem Vasco-Pais","Operational efficiencies",1,2
"Willem Vasco-Pais","Sten Sanjorge Jr , Willem Vasco-Pais, Ada Campo-Corrente, Orhan Strum","Impact of local politics on profit margin",2,4
"Willem Vasco-Pais","Varja Lagos","Meeting",1,1
"Willem Vasco-Pais","Willem Vasco-Pais, Orhan Strum","Maximizing quarterly profits",1,2
"Willem Vasco-Pais","Willem Vasco-Pais, Sten Sanjorge Jr , Ada Campo-Corrente","Recommend a good vacation spot",1,3
"Willem Vasco-Pais","Willem Vasco-Pais, Sten Sanjorge Jr , Ada Campo-Corrente, Orhan Strum","Yearly numbers looking good",2,4
